Date,Actual_Sales,Predicted_Sales
2012-01-06,1099937.25,1362333.8926999997
2012-01-06,1865752.78,2046634.5579
2012-01-06,516087.65,536907.6330000006
2012-01-06,558343.57,545814.3141000002
2012-01-06,519585.67,599317.1495
2012-01-06,1150662.55,1156824.9332000003
2012-01-06,945823.65,961798.3360000001
2012-01-06,1478537.93,1482229.2009000003
2012-01-06,636372.37,569121.8904999997
2012-01-06,977286.07,1262335.8184999998
2012-01-06,1964701.94,1952652.4011999997
2012-01-06,1198104.22,971503.5258000002
2012-01-06,329467.82,370678.10719999997
2012-01-06,640181.86,664210.4332000001
2012-01-06,1535287.4,1626119.4794000003
2012-01-06,713117.66,852929.2428000001
2012-01-06,398178.21,354339.9587000001
2012-01-06,714081.05,747467.7359999997
2012-01-06,1395339.71,1159196.3831000002
2012-01-06,954576.86,1072478.0457000008
2012-01-06,478483.2,434448.31160000025
2012-01-06,312078.71,330144.0913000001
2012-01-06,457030.86,434544.22959999996
2012-01-06,1799520.14,1893564.6995000017
2012-01-06,872113.23,910497.824099999
2012-01-06,1208191.61,1217202.5594
2012-01-06,636419.12,635883.0681000003
2012-01-06,267058.08,342275.2573000002
2012-01-06,469773.85,458811.46689999965
2012-01-06,1466046.07,1506366.3493000006
2012-01-06,1251581.89,988517.3422000004
2012-01-06,1550369.92,1571254.6061999993
2012-01-06,670993.01,641435.4892
2012-01-06,895358.2,1010275.8652000012
2012-01-06,971557.62,932890.7646999998
2012-01-06,1401232.52,1492435.6101000002
2012-01-06,1683401.78,1950257.4195999992
2012-01-06,325327.93,353520.39460000023
2012-01-06,671708.09,825407.4598999999
2012-01-06,1266570.4,1236387.1209999998
2012-01-06,564538.07,559058.4792000001
2012-01-06,953844.85,995891.0631
2012-01-06,2047766.07,2108922.3195999996
2012-01-06,1283885.55,1099737.5911
2012-01-06,1859144.96,1298813.8030999992
2012-01-13,1161190.29,1473577.1496000006
2012-01-13,1369125.37,1466696.4688
2012-01-13,631181.25,663021.3957
2012-01-13,593875.46,868663.6267000004
2012-01-13,279447.22,344091.3706000002
2012-01-13,291454.52,331252.2436000001
2012-01-13,836305.65,928120.4643999998
2012-01-13,423260.82,434335.16240000026
2012-01-13,625135.11,837385.3493000002
2012-01-13,1711562.73,1966257.6348000006
2012-01-13,1155594.2,988100.0451000005
2012-01-13,447023.91,431675.9146
2012-01-13,817661.76,899295.9637999989
2012-01-13,664348.2,586337.7225999996
2012-01-13,546221.4,545693.7154000001
2012-01-13,780607.52,1075245.0380000006
2012-01-13,855437.57,1009962.0889000013
2012-01-13,1794962.64,2082385.455
2012-01-13,444756.37,459083.2863999997
2012-01-13,1911510.64,1976549.3481999997
2012-01-13,890130.25,1276684.9139
2012-01-13,312361.88,361102.2719000003
2012-01-13,865467.86,949398.3938000001
2012-01-13,1459601.17,1569175.3375999993
2012-01-13,454183.42,551865.4506000006
2012-01-13,1031451.35,1153778.2437000002
2012-01-13,1134767.28,1232719.6288
2012-01-13,1344243.17,1120446.1149999998
2012-01-13,1941676.61,2097613.8501999998
2012-01-13,1744725.48,1893564.6995000017
2012-01-13,676615.53,761028.0187999994
2012-01-13,1264736.59,1099814.0024
2012-01-13,873576.96,946877.1292999999
2012-01-13,367438.62,353906.39860000013
2012-01-13,913755.12,992389.8977000001
2012-01-13,508520.09,559791.7113000001
2012-01-13,1492399.13,1660082.129900001
2012-01-13,474964.6,586538.2699000001
2012-01-13,1071598.36,1374598.5832
2012-01-13,614764.31,638985.4362000002
2012-01-13,325976.34,370761.60349999985
2012-01-13,663529.64,640728.1252999998
2012-01-13,1377485.12,1480403.1091000005
2012-01-13,1696248.27,494231.3058
2012-01-13,1182198.7,1247591.8972999998
2012-01-20,492721.85,529003.9794000008
2012-01-20,1080012.04,1368236.0065999997
2012-01-20,446863.31,453983.08219999954
2012-01-20,1811606.21,2048416.0545
2012-01-20,809272.65,913748.624
2012-01-20,579499.93,579057.6776999999
2012-01-20,2005097.76,2099501.0782
2012-01-20,910899.05,994569.0951000002
2012-01-20,1372504.9,1483152.4490000007
2012-01-20,1394841.03,1480001.5242000006
2012-01-20,1237104.73,1223298.1654000003
2012-01-20,1326255.7,1132620.7865000002
2012-01-20,474389.75,548136.6344000001
2012-01-20,813954.82,915562.731299999
2012-01-20,316948.39,353458.0933000003
2012-01-20,1394393.84,1578591.9535999997
2012-01-20,594744.89,631706.8654000002
2012-01-20,1151993.85,962922.1717999999
2012-01-20,855922.64,942940.4648000001
2012-01-20,1129540.48,1470147.0875000006
2012-01-20,543894.07,546088.7739000001
2012-01-20,330927.21,368810.8438999998
2012-01-20,811365.42,1039074.0650000004
2012-01-20,365818.61,355622.33620000014
2012-01-20,1207303.29,1099589.5881000003
2012-01-20,1675562.94,1958363.6647000005
2012-01-20,669850.04,797137.6012999997
2012-01-20,405215.91,435954.2295000003
2012-01-20,897027.44,1009637.9911000011
2012-01-20,1542131.05,1609899.9183000014
2012-01-20,651178.2,670284.5969
2012-01-20,578002.85,846735.7461000003
2012-01-20,1892775.94,1944096.9140999995
2012-01-20,1789113.32,481296.1439999999
2012-01-20,1711769.11,1900366.5415000014
2012-01-20,287523.98,330880.4010000002
2012-01-20,619225.65,642296.3977999999
2012-01-20,937522.77,1250170.4362000003
2012-01-20,480130.04,605208.0464
2012-01-20,438760.62,432369.3207999999
2012-01-20,1116295.24,1233015.8303999999
2012-01-20,244899.2,344715.7023000001
2012-01-20,1146992.13,1145186.2861000004
2012-01-20,700392.21,735241.5024999994
2012-01-20,838751.5,922200.9049999997
2012-01-27,395987.24,458754.1916999996
2012-01-27,1162675.85,1108805.8663000003
2012-01-27,1132948.48,1487672.0294000003
2012-01-27,1595362.27,478294.2382
2012-01-27,1315610.66,1130552.2465000004
2012-01-27,541037.98,840989.9879000002
2012-01-27,587685.38,642728.7723999998
2012-01-27,872450.37,989644.0083000001
2012-01-27,1632406.0,1955284.1829000006
2012-01-27,1079398.81,1233064.1923999996
2012-01-27,588722.99,797937.6980000001
2012-01-27,236920.49,344179.66479999997
2012-01-27,820059.89,933307.5428999999
2012-01-27,1057290.41,978561.8797000002
2012-01-27,1279623.26,1244730.9483999996
2012-01-27,1051864.6,1371690.9462999997
2012-01-27,466045.63,531700.7740000007
2012-01-27,1263534.86,1610059.4138000004
2012-01-27,1928720.51,2098619.6485999995
2012-01-27,589554.29,639197.6203000002
2012-01-27,1259941.48,1487537.4507000002
2012-01-27,433037.66,432841.5149999999
2012-01-27,482451.21,602343.6351
2012-01-27,825584.22,1274556.3953999996
2012-01-27,349518.1,358906.12470000004
2012-01-27,1761016.51,1967726.91
2012-01-27,1037476.38,1153243.4621000006
2012-01-27,301444.94,369017.1498999997
2012-01-27,1660906.14,1893889.2955000019
2012-01-27,624081.64,743519.7291999992
2012-01-27,538978.67,579057.8979999999
2012-01-27,611258.71,668893.0133999999
2012-01-27,1733983.09,2045257.1478
2012-01-27,1319325.59,1581987.9054999999
2012-01-27,412882.31,434638.4308000002
2012-01-27,453979.19,547897.6175
2012-01-27,1320301.61,1468986.9932999997
2012-01-27,770157.29,1047558.5748000011
2012-01-27,295974.22,331403.14180000016
2012-01-27,308295.38,352685.9343000003
2012-01-27,769522.33,916711.265
2012-01-27,778178.53,914728.4258999989
2012-01-27,514116.58,541196.6265000002
2012-01-27,786459.23,1009923.0010000011
2012-01-27,888203.69,966402.6919000004
2012-02-03,1261872.67,1275227.4437
2012-02-03,1531599.44,1587530.5101999994
2012-02-03,939158.25,964434.7762000002
2012-02-03,939367.14,1048850.7873999996
2012-02-03,1636339.65,1683880.6708000007
2012-02-03,1376732.18,1239653.1703
2012-02-03,958487.75,1012628.0991000006
2012-02-03,457711.68,434277.7075000003
2012-02-03,580453.32,877129.1294000004
2012-02-03,979552.34,1059399.5249000005
2012-02-03,588448.21,571660.6172999998
2012-02-03,523831.64,600241.7460000003
2012-02-03,1345311.65,1308298.4905
2012-02-03,864852.85,939937.1993000001
2012-02-03,757330.95,837312.0723999995
2012-02-03,333948.0,348653.6673000001
2012-02-03,1496305.78,1174049.7094000005
2012-02-03,1927780.74,2122375.709400001
2012-02-03,1156826.31,1382520.4225999992
2012-02-03,1877410.36,482538.8866999999
2012-02-03,555424.24,542168.8441000001
2012-02-03,629176.71,643383.6667999999
2012-02-03,1058767.95,1112901.3934999993
2012-02-03,2203523.2,2238041.7342999997
2012-02-03,549967.89,597310.9012000001
2012-02-03,493159.35,522480.9474
2012-02-03,1049772.04,1343996.4429999997
2012-02-03,2173373.91,2201464.9996
2012-02-03,927610.69,1002047.4072
2012-02-03,746901.03,852517.4411000003
2012-02-03,325986.05,353755.57510000025
2012-02-03,256091.32,344215.83920000016
2012-02-03,434080.74,434104.79449999996
2012-02-03,1391479.91,1479123.6915999996
2012-02-03,1249696.97,1079172.9028000003
2012-02-03,424960.66,385035.1772000002
2012-02-03,1208825.6,1250932.1003999996
2012-02-03,310982.87,370141.2448999998
2012-02-03,680725.43,723420.2998000005
2012-02-03,1396150.15,1472898.7412
2012-02-03,1564246.02,1693628.8431000006
2012-02-03,475905.1,552295.5636
2012-02-03,1935299.94,1954379.6171000004
2012-02-03,642776.4,660609.0805000004
2012-02-03,1867403.01,2036229.9528000006
2012-02-10,674919.45,576562.1201
2012-02-10,849779.14,873188.1882000002
2012-02-10,628218.22,595393.2164000003
2012-02-10,1442988.44,1455785.107
2012-02-10,1129422.86,1419266.4306999997
2012-02-10,999785.48,1068947.9399000006
2012-02-10,1651605.35,1677626.4560000005
2012-02-10,527041.46,537728.0314000002
2012-02-10,1199330.85,1129069.2927999988
2012-02-10,2069284.57,2020132.4391000015
2012-02-10,2103322.68,2000499.4629
2012-02-10,469787.38,430064.3395000004
2012-02-10,1161615.51,1352081.9379000003
2012-02-10,1358444.07,1299853.8024
2012-02-10,770652.79,745468.1689000002
2012-02-10,2462978.28,2161688.7786999987
2012-02-10,803657.12,815032.8687999997
2012-02-10,609736.12,589894.0367
2012-02-10,349239.88,341790.14320000017
2012-02-10,1572966.15,1623079.745099999
2012-02-10,1081005.64,982886.5747
2012-02-10,1802477.43,1664586.0293000008
2012-02-10,451365.99,429350.1867999999
2012-02-10,1403460.87,1103565.6027000002
2012-02-10,1527688.58,1503355.5778999992
2012-02-10,1620603.92,1191258.2586000005
2012-02-10,545840.05,523999.4553000001
2012-02-10,2218595.8,1954236.501700001
2012-02-10,1047658.09,1054530.4428999992
2012-02-10,662198.65,644322.233
2012-02-10,563460.77,887617.7117000006
2012-02-10,658984.38,672039.1465
2012-02-10,282552.58,351684.4499
2012-02-10,880165.7,967201.8110999998
2012-02-10,1574287.76,1248262.8065
2012-02-10,1499496.67,1321398.5515000003
2012-02-10,335741.9,371955.69709999976
2012-02-10,1034448.07,1012519.0116000006
2012-02-10,2374660.64,2054326.5676000004
2012-02-10,1021400.42,999513.1468000006
2012-02-10,325377.97,356759.6195000003
2012-02-10,473292.47,378865.6127000002
2012-02-10,2077256.24,492627.4255000002
2012-02-10,1238844.56,1252851.2230999998
2012-02-10,473766.97,556291.7102000001
2012-02-17,1365546.69,1136886.9684000006
2012-02-17,598502.83,587980.7158
2012-02-17,1424720.27,1171642.2359000007
2012-02-17,1819870.0,1657543.9714000009
2012-02-17,494069.49,547752.0466999998
2012-02-17,1606221.56,1661168.6295000005
2012-02-17,2427640.17,2106916.346300001
2012-02-17,1123446.51,1068444.1273999992
2012-02-17,1330451.46,1248837.257
2012-02-17,658965.05,583749.4338000002
2012-02-17,475591.08,379728.6486000003
2012-02-17,1243812.59,1396377.2713
2012-02-17,2196688.46,1959524.3601999998
2012-02-17,1570813.52,1477765.8291
2012-02-17,2214477.06,2120506.9333000015
2012-02-17,559606.91,518410.8797999999
2012-02-17,660632.05,641581.6104999998
2012-02-17,654088.02,675031.6737000002
2012-02-17,2020550.99,494000.3898000001
2012-02-17,1004749.41,1011026.6841000005
2012-02-17,858853.75,830104.6209999998
2012-02-17,927084.65,919486.3104000001
2012-02-17,266300.98,345888.7229
2012-02-17,2309025.16,2183597.6550000003
2012-02-17,1569607.94,1256874.8307999999
2012-02-17,975500.87,1078089.4809000005
2012-02-17,1326370.08,1091318.1931000003
2012-02-17,356427.98,341245.93250000005
2012-02-17,320691.21,353603.6579000003
2012-02-17,1501503.68,1618384.9329999993
2012-02-17,326316.73,369649.5411999999
2012-02-17,965788.76,974017.8836000003
2012-02-17,1632616.09,1193509.9388000006
2012-02-17,1511041.69,1456674.833
2012-02-17,415513.97,434870.34780000016
2012-02-17,606671.5,576894.9224
2012-02-17,1096232.89,1000875.4973000002
2012-02-17,834663.52,749620.7619000004
2012-02-17,541071.29,532697.8531000001
2012-02-17,620908.18,887746.3724000003
2012-02-17,435109.11,432935.6994999999
2012-02-17,824568.39,829946.8165000003
2012-02-17,1240048.85,1130755.2871999992
2012-02-17,1115985.81,1162967.2208000005
2012-02-17,2168709.76,1983674.7274000014
2012-02-24,418925.47,378155.13080000004
2012-02-24,613042.97,644249.3065999997
2012-02-24,409411.61,430853.3399000002
2012-02-24,805028.74,860736.3013000005
2012-02-24,603041.14,872567.6757000007
2012-02-24,313270.45,375650.8336999997
2012-02-24,315641.8,353164.14480000024
2012-02-24,1224915.66,1247320.3802
2012-02-24,2226662.17,2089798.6839000005
2012-02-24,2039415.74,2002355.508700001
2012-02-24,1861802.7,1941424.5335000006
2012-02-24,312220.47,345786.9061000001
2012-02-24,919301.81,1057475.5391000006
2012-02-24,1412065.04,1471837.7127
2012-02-24,928537.54,954135.2427999995
2012-02-24,518696.89,530236.8765
2012-02-24,563578.79,596461.6629000001
2012-02-24,753060.78,842017.2722999997
2012-02-24,1539387.83,1663354.7029
2012-02-24,950154.24,1015501.6817999999
2012-02-24,1465187.71,1137252.6182000006
2012-02-24,1379473.03,1251764.2667999999
2012-02-24,425215.71,434297.4828999998
2012-02-24,1037861.11,1087667.0897000008
2012-02-24,488782.63,521393.1724999999
2012-02-24,1323487.91,1618507.3690999988
2012-02-24,613501.05,671414.4927000003
2012-02-24,747099.07,725533.5566000001
2012-02-24,1272948.27,1054867.7944000005
2012-02-24,561137.06,606795.0730000001
2012-02-24,242526.7,340916.03510000015
2012-02-24,1929768.03,2116905.1215000013
2012-02-24,912958.95,1000970.6240000007
2012-02-24,843864.43,916982.8598000002
2012-02-24,1112034.72,1116910.8797999988
2012-02-24,1392543.37,1473757.1867000004
2012-02-24,917924.47,980880.9804000003
2012-02-24,1648602.39,1740320.269400002
2012-02-24,1352470.09,1121721.4133000008
2012-02-24,495720.3,546615.5697000001
2012-02-24,1091822.72,1342630.3640999997
2012-02-24,2045837.55,2112043.3944000015
2012-02-24,1875040.16,488793.6427
2012-02-24,1303233.15,1085609.1488000003
2012-02-24,564304.15,560892.5082000002
2012-03-02,541292.64,609458.3544000001
2012-03-02,248051.53,340689.38300000003
2012-03-02,955641.74,969461.9315000002
2012-03-02,1926004.99,488847.16190000006
2012-03-02,1952555.66,1935269.8119
2012-03-02,1550385.65,1118852.2904
2012-03-02,500801.72,520963.60799999995
2012-03-02,990263.7,1011725.8381
2012-03-02,764385.4,726879.7335999998
2012-03-02,1438383.44,1236934.7804999999
2012-03-02,952264.91,936948.7992999997
2012-03-02,1153332.89,1342313.7891999998
2012-03-02,643155.89,676772.5344000001
2012-03-02,471115.38,432843.93680000014
2012-03-02,1147636.96,1113197.871899999
2012-03-02,766571.1,858778.7276000004
2012-03-02,464189.09,546962.5668
2012-03-02,1308977.05,1100872.6787000007
2012-03-02,1427881.22,1472916.7289000002
2012-03-02,856178.47,913718.6162
2012-03-02,1969742.76,2117041.555400001
2012-03-02,1509323.09,1720912.9874000018
2012-03-02,2148822.76,2128502.7994000013
2012-03-02,359206.21,332837.12840000016
2012-03-02,316687.22,361877.7545000001
2012-03-02,927732.02,1067289.3214000007
2012-03-02,2206319.9,2073249.4034000007
2012-03-02,438640.61,435132.28110000014
2012-03-02,525559.17,530405.3019
2012-03-02,693249.98,645991.8719999997
2012-03-02,1322852.2,1080146.3083000008
2012-03-02,974866.65,1032961.1318000013
2012-03-02,585895.34,552703.8235000003
2012-03-02,1453047.02,1474605.256
2012-03-02,782796.01,838267.9526
2012-03-02,1239813.26,1254259.0178000003
2012-03-02,315396.72,376498.90879999974
2012-03-02,1047178.91,1100940.5158000009
2012-03-02,619498.28,590268.0620000004
2012-03-02,1990371.02,1962119.8842
2012-03-02,469752.56,369161.5759000001
2012-03-02,1213994.39,1091056.9797000005
2012-03-02,1688420.76,1655171.8139
2012-03-02,551058.13,879616.3845000006
2012-03-02,1451740.57,1635022.4903999984
2012-03-09,991127.01,1037714.8128000012
2012-03-09,2139265.4,2130242.8694
2012-03-09,659816.15,569158.4010000003
2012-03-09,287346.29,341202.4795
2012-03-09,1917483.1,1961137.9235999999
2012-03-09,452792.53,428616.4002999999
2012-03-09,1569304.4,1122930.3025000002
2012-03-09,1675431.16,1641165.0060999999
2012-03-09,1470764.35,1470009.3976000003
2012-03-09,976393.43,1010483.1208999999
2012-03-09,1358816.46,1087010.786600001
2012-03-09,1413382.76,1247079.1210999999
2012-03-09,954233.87,1058226.0298000001
2012-03-09,636677.67,646183.5314999998
2012-03-09,1607343.41,1757219.9181000013
2012-03-09,495951.66,541957.2000000001
2012-03-09,535937.25,531893.907
2012-03-09,2202450.81,2061939.445000001
2012-03-09,1986445.65,2116446.780700001
2012-03-09,960115.56,937912.2610999994
2012-03-09,1325835.7,1084974.3225000007
2012-03-09,643711.53,680201.7853
2012-03-09,446617.89,434940.32499999995
2012-03-09,1243814.77,1258774.1566
2012-03-09,347295.6,344007.7548000001
2012-03-09,445162.05,364116.7038000002
2012-03-09,1292724.9,1077783.589900001
2012-03-09,2020839.31,489582.6383
2012-03-09,318674.93,377248.6559999998
2012-03-09,579166.5,896694.8897000002
2012-03-09,1680764.06,1531900.2086999994
2012-03-09,574955.95,597809.8402000002
2012-03-09,1113208.57,1027201.1845999995
2012-03-09,755084.4,719869.2604999999
2012-03-09,303438.24,360855.5639000002
2012-03-09,1124537.97,1350689.5876999998
2012-03-09,1028569.01,980851.6556
2012-03-09,545120.67,606884.8065000002
2012-03-09,504750.35,537940.2341999998
2012-03-09,860224.98,903962.9735
2012-03-09,1937628.26,1930476.8358000005
2012-03-09,1084894.47,1104500.368900001
2012-03-09,776968.87,840400.6277
2012-03-09,796351.35,860594.5079000003
2012-03-09,1439034.86,1463653.0293
2012-03-16,335345.82,375398.5200999997
2012-03-16,413617.45,431956.4288000002
2012-03-16,638204.27,686521.9193000002
2012-03-16,331965.95,520108.6786000007
2012-03-16,661707.02,646858.4279999998
2012-03-16,1522421.07,1468051.1947999997
2012-03-16,1022018.43,1106693.1876000008
2012-03-16,550373.57,586371.7841000005
2012-03-16,520850.71,540126.9519999999
2012-03-16,411775.8,363407.66810000024
2012-03-16,1941040.5,493185.07670000003
2012-03-16,1976082.13,1926855.3680999996
2012-03-16,1337875.49,1541988.5851999996
2012-03-16,339392.54,332204.6665000001
2012-03-16,669205.73,895190.7947000003
2012-03-16,2025582.62,2035269.2282
2012-03-16,278067.73,651610.7446
2012-03-16,1930814.66,1957091.2576999995
2012-03-16,1138101.18,1310066.9341000007
2012-03-16,1239299.12,1081781.6033000005
2012-03-16,2064991.71,2123193.7152
2012-03-16,767338.32,730294.8697
2012-03-16,484588.34,529385.3126000002
2012-03-16,1201511.62,1240096.5653999997
2012-03-16,788340.23,852315.4839999997
2012-03-16,1441884.28,1231793.9910999995
2012-03-16,999298.43,1110492.2151000001
2012-03-16,1481728.13,1466985.1328
2012-03-16,618767.26,724458.4308000004
2012-03-16,1088498.52,1027062.3099000001
2012-03-16,570611.23,608383.4839000002
2012-03-16,891154.18,1062271.8550000007
2012-03-16,1258364.31,1092412.0574000007
2012-03-16,921178.39,937422.2493999999
2012-03-16,966780.01,1038393.865000001
2012-03-16,2214967.44,2026008.9168999996
2012-03-16,1312849.1,1090437.1821000008
2012-03-16,1635984.07,1800277.4450000003
2012-03-16,853136.46,866757.8876000004
2012-03-16,793045.82,887721.7757000006
2012-03-16,1677472.78,1650488.8639000005
2012-03-16,428465.11,595812.7127999999
2012-03-16,919503.4,971530.4398000003
2012-03-16,1748010.29,1127543.1501999996
2012-03-16,489293.72,541522.1105999999
2012-03-23,550791.32,585558.7376000005
2012-03-23,1216059.41,1507800.1579999996
2012-03-23,1469593.37,1468685.3515999997
2012-03-23,1837457.69,1992518.7528000008
2012-03-23,874223.25,932839.8428
2012-03-23,992774.4,999743.1867000003
2012-03-23,1893447.71,566649.4877999999
2012-03-23,874790.68,985261.4211999996
2012-03-23,1045419.87,1026939.9256999999
2012-03-23,791835.37,856332.1942999997
2012-03-23,1288154.1,1055678.5083000003
2012-03-23,1495143.62,1126183.5290999995
2012-03-23,1992436.96,2103458.4402000005
2012-03-23,1365824.97,1467665.2829
2012-03-23,430222.97,432420.54840000026
2012-03-23,1620839.34,1772073.6294000002
2012-03-23,1031139.3,1079845.1256000001
2012-03-23,321299.99,331585.07250000007
2012-03-23,1146632.46,1313551.5429000005
2012-03-23,246970.97,670451.539
2012-03-23,760671.1,879710.8534000008
2012-03-23,517408.48,536048.6914
2012-03-23,615997.29,887023.6869000004
2012-03-23,1215354.38,1245170.4564999999
2012-03-23,729759.97,727864.8526999998
2012-03-23,413907.25,360321.0469000001
2012-03-23,520887.23,533193.3849000001
2012-03-23,945143.33,1108433.6999000001
2012-03-23,412456.48,595685.5016999999
2012-03-23,565481.88,604203.8046
2012-03-23,493503.89,538962.3057999999
2012-03-23,1342254.55,1053601.5087000001
2012-03-23,1511068.07,1644672.9944000007
2012-03-23,2091592.54,2026322.8510999999
2012-03-23,317872.51,375854.7621999996
2012-03-23,851762.28,843108.0314000004
2012-03-23,296947.06,538467.1223000004
2012-03-23,844490.86,1063170.9324000007
2012-03-23,561226.38,730313.111
2012-03-23,1221723.94,1082191.5408000005
2012-03-23,1790439.16,1911360.322
2012-03-23,610940.94,646982.3103999997
2012-03-23,1300593.61,1220479.6034
2012-03-23,1904421.74,2018937.3159999999
2012-03-23,672831.78,692814.2864999999
2012-03-30,557547.25,613787.3463999998
2012-03-30,1025382.22,1027875.7417
2012-03-30,724798.76,729184.4924999998
2012-03-30,1905033.01,491806.3368999998
2012-03-30,1300104.03,1221011.1768
2012-03-30,1009121.2,1125856.423100001
2012-03-30,1108686.87,1319714.1456999995
2012-03-30,938861.77,1117056.4049
2012-03-30,1318854.22,1460658.8859999997
2012-03-30,583322.2,880883.5488000002
2012-03-30,684348.92,685406.4886
2012-03-30,744525.69,890954.6827000006
2012-03-30,1815760.42,1964821.5875
2012-03-30,574985.37,581662.3173000002
2012-03-30,1230106.13,1088860.9672000005
2012-03-30,1209524.11,1543425.1572999996
2012-03-30,310027.29,535099.1953000005
2012-03-30,2089381.77,2044975.9798000006
2012-03-30,1948982.7,2022453.8887000002
2012-03-30,1857480.84,1885089.7154000006
2012-03-30,504566.28,550641.3036999999
2012-03-30,871945.64,1064014.9537000004
2012-03-30,544408.14,758459.7893000004
2012-03-30,407488.84,354566.7156000001
2012-03-30,1508933.26,1126526.4877999998
2012-03-30,408679.36,597487.1172999999
2012-03-30,623258.4,652674.4947999999
2012-03-30,533734.94,533356.4125
2012-03-30,1239423.19,1263825.5024999997
2012-03-30,331318.73,331108.35240000003
2012-03-30,872469.03,839609.0270000005
2012-03-30,1327139.35,1088320.1504
2012-03-30,304144.9,377534.79459999956
2012-03-30,1615494.14,1782438.8065999998
2012-03-30,1649604.63,1636702.9270000008
2012-03-30,777254.06,854193.8316999995
2012-03-30,2074721.74,2146869.7928999993
2012-03-30,449603.91,432216.2394000002
2012-03-30,922018.43,975014.4692000002
2012-03-30,1499727.02,1463785.9807
2012-03-30,1261964.96,1101084.289400001
2012-03-30,251327.67,677203.7272999999
2012-03-30,485095.41,535317.3572999998
2012-03-30,965769.93,1055756.0684000007
2012-03-30,905935.29,934746.9486999993
2012-04-06,331026.11,375953.2501999996
2012-04-06,502662.07,531063.5837999999
2012-04-06,899479.43,837773.9746999997
2012-04-06,1631737.68,1092507.1396000003
2012-04-06,986922.62,843773.2366000004
2012-04-06,2470206.13,2032209.0533999996
2012-04-06,677885.99,583414.6873000002
2012-04-06,1270577.01,1318411.262
2012-04-06,1604605.69,1101939.946000001
2012-04-06,461511.92,433525.05490000034
2012-04-06,1596325.01,812615.1587000001
2012-04-06,1200815.3,1075547.265100001
2012-04-06,791356.9,690577.0044999997
2012-04-06,658468.27,661307.0210999998
2012-04-06,2129035.91,1887457.0631
2012-04-06,2565259.92,2108936.722299999
2012-04-06,633826.55,549940.7827999999
2012-04-06,1197489.66,1056500.631400001
2012-04-06,1764847.94,1458308.5669
2012-04-06,1899676.88,1646224.4995000004
2012-04-06,1524734.29,1093349.3431000004
2012-04-06,2376022.26,464773.77569999977
2012-04-06,659950.36,622781.9219999999
2012-04-06,1899013.34,1805747.4073999992
2012-04-06,860293.46,903976.7241000006
2012-04-06,499267.66,600651.7484
2012-04-06,564848.78,536554.7989999996
2012-04-06,1132064.23,1070628.2107000004
2012-04-06,402985.7,329243.3263
2012-04-06,652312.11,757023.0487000002
2012-04-06,503232.13,348813.61010000005
2012-04-06,2163384.17,1962330.6184
2012-04-06,1460234.31,1253178.7980999998
2012-04-06,1116829.23,975032.7519000001
2012-04-06,1559592.79,1521306.6385999995
2012-04-06,761956.58,728696.1571999998
2012-04-06,621425.98,869270.2827000002
2012-04-06,275911.97,678004.2082000001
2012-04-06,1046816.59,930255.7220999994
2012-04-06,1840131.19,1127849.4224999994
2012-04-06,2271614.76,2025662.183300001
2012-04-06,1128765.71,1028645.5077999997
2012-04-06,1496169.81,1470465.5247999995
2012-04-06,320021.1,536546.3580000005
2012-04-06,1091020.37,1103006.0627
2012-04-13,889670.29,971076.2274000002
2012-04-13,558585.13,629701.6491999999
2012-04-13,639123.45,756840.5319000002
2012-04-13,1650405.21,1800037.0247999995
2012-04-13,506973.17,539520.0130999997
2012-04-13,435790.74,601701.7687999998
2012-04-13,1171834.47,1323512.7201
2012-04-13,2105301.39,2036170.4582999996
2012-04-13,1323004.73,1256937.5429999996
2012-04-13,658691.56,702233.1500999999
2012-04-13,517420.23,863537.2763000005
2012-04-13,909989.45,937970.7812999992
2012-04-13,428784.7,433024.57340000034
2012-04-13,2045396.06,2120910.362199999
2012-04-13,1407842.91,1470382.2638999997
2012-04-13,1912909.69,433390.56469999976
2012-04-13,420789.74,348430.4316
2012-04-13,1365098.46,1098292.9632
2012-04-13,939118.24,1023423.3766000007
2012-04-13,1621031.7,1650117.5280000006
2012-04-13,857811.17,1072771.0423
2012-04-13,877055.32,845921.3291000004
2012-04-13,578539.86,582803.9553000003
2012-04-13,339407.94,378679.4120999995
2012-04-13,1580732.73,1460952.6011
2012-04-13,1285783.87,1085634.5812000004
2012-04-13,311390.22,535894.9481000003
2012-04-13,998443.5,1069366.149700001
2012-04-13,769319.04,733680.2928999998
2012-04-13,1935869.1,1886496.5590000001
2012-04-13,665687.92,661050.3815999997
2012-04-13,520493.83,541028.7244000002
2012-04-13,351832.03,329049.0735999998
2012-04-13,1974687.51,1965656.6261000002
2012-04-13,2057637.86,2029598.4621000013
2012-04-13,1290684.95,1533148.1732999994
2012-04-13,312698.67,678254.6781
2012-04-13,987353.65,1114779.7810999998
2012-04-13,450756.71,529537.9602999999
2012-04-13,1616394.45,1123718.2244999993
2012-04-13,1472752.01,808708.9498000001
2012-04-13,1083811.19,1028381.3327999999
2012-04-13,1231752.54,1098484.7058000008
2012-04-13,788633.42,891792.0030000008
2012-04-13,781970.6,837561.5093999999
2012-04-20,1777166.53,1961513.7614
2012-04-20,1884427.84,2082133.6115000006
2012-04-20,1180797.2,1523816.4681
2012-04-20,1521577.87,1651508.2434000007
2012-04-20,1208654.4,1088597.7620000006
2012-04-20,323233.8,537981.0170000003
2012-04-20,434822.13,349298.00920000003
2012-04-20,1119979.98,885649.6437000002
2012-04-20,1433391.04,1477451.7300000002
2012-04-20,1639999.47,1784145.0858999998
2012-04-20,923600.02,980373.8028999998
2012-04-20,261837.2,676731.5569000001
2012-04-20,457340.06,863056.6272000003
2012-04-20,1000342.87,997918.5519000004
2012-04-20,872288.46,934420.6107999994
2012-04-20,1456073.24,1124745.7814999996
2012-04-20,330063.06,331191.85089999996
2012-04-20,1287899.41,1052427.0083000003
2012-04-20,776661.74,833378.6861000002
2012-04-20,1006486.96,1024441.4562999996
2012-04-20,525200.59,537417.8383000001
2012-04-20,462909.41,432440.38220000034
2012-04-20,896979.93,1106281.3856000004
2012-04-20,1955689.12,2036063.6225
2012-04-20,1255087.26,1055332.6438999993
2012-04-20,534780.57,618915.8707999996
2012-04-20,1407036.59,1470983.2451
2012-04-20,1315356.99,809083.1356
2012-04-20,794660.24,880842.8191000009
2012-04-20,1220815.33,1252183.8769999996
2012-04-20,401615.8,602714.9881999999
2012-04-20,552529.23,756354.6646000003
2012-04-20,523483.19,539412.8760999996
2012-04-20,638144.98,661374.2523999998
2012-04-20,2144336.89,2031131.5883999995
2012-04-20,734858.91,738201.0638999997
2012-04-20,1875686.44,530675.6982000001
2012-04-20,1025813.8,1018024.8787000004
2012-04-20,661566.48,696403.1080999996
2012-04-20,1121405.91,1319234.5592000003
2012-04-20,977628.78,1101325.9325999997
2012-04-20,323915.32,374805.7663999995
2012-04-20,436221.26,526818.8069999999
2012-04-20,1847344.45,1893535.8720999996
2012-04-20,542819.03,583530.4190000002
2012-04-27,2064065.66,2038093.9141
2012-04-27,526625.49,753695.4776999997
2012-04-27,961186.23,1035074.8439000009
2012-04-27,721212.45,892396.0917000009
2012-04-27,324839.74,329785.0682
2012-04-27,1456221.1,1117585.1132999996
2012-04-27,1311352.25,1454071.7916999995
2012-04-27,1764133.09,1878293.6426000006
2012-04-27,879448.25,924600.8035999989
2012-04-27,394616.11,348180.80160000006
2012-04-27,655157.32,703524.7381999998
2012-04-27,674829.58,739841.9876000001
2012-04-27,419964.77,601408.0473999999
2012-04-27,1248950.65,1282023.4026999997
2012-04-27,922539.94,1010140.0937000007
2012-04-27,875372.91,1060757.0343000009
2012-04-27,550414.99,588978.1621
2012-04-27,1468928.37,1636842.4030000006
2012-04-27,1126962.44,1321513.3084999993
2012-04-27,528807.45,538867.7784999998
2012-04-27,308389.82,372475.0875999995
2012-04-27,433744.83,428499.4238000001
2012-04-27,911969.0,994959.0731
2012-04-27,1970121.65,1995611.559599999
2012-04-27,467827.75,866934.14
2012-04-27,1285897.24,1077399.6201
2012-04-27,1170456.16,1532786.3420000004
2012-04-27,1565498.84,1790222.1657999991
2012-04-27,249798.75,675253.5159000002
2012-04-27,925916.65,858305.7039000004
2012-04-27,1784029.95,439114.0801999999
2012-04-27,1712987.56,1980134.4212999993
2012-04-27,1886503.93,2114819.154799999
2012-04-27,940299.87,1121504.5637
2012-04-27,593138.59,655185.0543999999
2012-04-27,497250.22,536348.1038000002
2012-04-27,711571.88,837757.3802999998
2012-04-27,1277758.76,1079370.276600001
2012-04-27,330338.36,541850.2624000006
2012-04-27,1236238.29,809995.5024
2012-04-27,1194334.65,1089611.3629000005
2012-04-27,527402.62,626091.1816999998
2012-04-27,1004252.38,1034775.5252000001
2012-04-27,1456997.2,1466958.9818000004
2012-04-27,398445.15,555684.7117000002
2012-05-04,1370251.22,812701.3443000001
2012-05-04,930121.14,847085.7856000006
2012-05-04,312467.52,359365.7227999997
2012-05-04,696421.72,694910.0395999994
2012-05-04,1187384.53,1324102.2303
2012-05-04,1450628.85,1529426.5276000008
2012-05-04,1405007.44,1026861.4538999998
2012-05-04,1317379.68,1069758.8993000006
2012-05-04,1050027.89,1057694.144100001
2012-05-04,937232.09,931226.5902999986
2012-05-04,637964.2,652566.6976999998
2012-05-04,454477.54,424044.34360000014
2012-05-04,586289.08,591021.9742999999
2012-05-04,1543461.12,1124739.5159999996
2012-05-04,946573.29,1010331.6468999998
2012-05-04,782300.68,842327.1314999999
2012-05-04,1005083.31,1016057.1438000005
2012-05-04,577868.38,615957.3909
2012-05-04,1684519.99,1642765.4860000003
2012-05-04,991104.4,1119752.8967
2012-05-04,1073433.69,1035734.5125000002
2012-05-04,426959.62,533032.1477999999
2012-05-04,609274.89,760886.9446999999
2012-05-04,439913.57,345373.12580000015
2012-05-04,1391257.28,1454295.9974999994
2012-05-04,772036.6,894448.7243000008
2012-05-04,1923957.09,1883983.6493000004
2012-05-04,1512227.34,1450560.9140000003
2012-05-04,1995994.51,2029158.709800001
2012-05-04,993311.59,1078769.5826000008
2012-05-04,2163510.89,2075895.9617000006
2012-05-04,1821364.42,1987326.6809999996
2012-05-04,1949354.29,521249.6784000002
2012-05-04,2196968.33,2052803.9169
2012-05-04,535311.64,520906.4364000002
2012-05-04,1669388.45,1777278.6395999994
2012-05-04,360932.69,325787.38380000024
2012-05-04,326053.28,541052.7401000005
2012-05-04,491755.69,599448.1397999999
2012-05-04,465198.89,866302.5526000002
2012-05-04,270497.51,676622.8098000002
2012-05-04,1306551.71,1093490.0479000006
2012-05-04,504963.84,539276.0837000001
2012-05-04,1359770.73,1257825.2877
2012-05-04,697645.32,731515.9055999998
2012-05-11,2080764.17,2027228.709900001
2012-05-11,579539.95,618453.2776999999
2012-05-11,643603.69,763846.8074999999
2012-05-11,1674306.31,1790920.7138999999
2012-05-11,529707.87,543882.6282
2012-05-11,341381.08,541831.9894000005
2012-05-11,1321914.34,1042288.3940000003
2012-05-11,1792345.3,1984466.1820999999
2012-05-11,649945.54,736230.4394000001
2012-05-11,1300147.07,804548.0149
2012-05-11,1264575.18,1523655.2156000007
2012-05-11,1987531.05,532588.9417999999
2012-05-11,944100.3,848461.0342000006
2012-05-11,949625.52,1116509.2288999998
2012-05-11,1442873.22,1017316.5146000003
2012-05-11,460397.41,869321.1894
2012-05-11,1355391.79,1091555.6101000006
2012-05-11,640159.04,653801.6531000001
2012-05-11,770487.37,839817.7058000001
2012-05-11,479855.0,536215.9561
2012-05-11,2168097.11,2092477.8389000008
2012-05-11,739866.16,701272.1889999997
2012-05-11,295841.84,677533.4502000001
2012-05-11,1187051.07,1323571.0308
2012-05-11,1917520.99,1892836.2025999993
2012-05-11,527983.04,520873.65000000014
2012-05-11,1611096.05,1643297.3691
2012-05-11,592572.3,587161.3350000003
2012-05-11,431985.36,346740.9271000002
2012-05-11,2127661.17,2040413.8042
2012-05-11,997868.63,1005888.5425000003
2012-05-11,1353285.1,1258578.3774999995
2012-05-11,1470792.41,1470111.2565000001
2012-05-11,333870.52,325590.5197000001
2012-05-11,1062548.73,1034052.4368999988
2012-05-11,802383.63,891244.5747000007
2012-05-11,920128.89,933282.9877999991
2012-05-11,1060433.1,1040381.1175000002
2012-05-11,1041995.22,1023297.3349000006
2012-05-11,1517075.67,1123013.5373999996
2012-05-11,1392938.06,1460745.2902999995
2012-05-11,436070.45,425265.81010000006
2012-05-11,429914.6,600875.0513999999
2012-05-11,330518.34,360949.1112999998
2012-05-11,967729.35,1079819.0361000008
2012-05-18,1331514.44,1250305.7885000007
2012-05-18,968816.33,847195.0134000008
2012-05-18,1047444.59,1033871.3985000002
2012-05-18,412314.71,601065.6940999998
2012-05-18,468428.3,866830.3026
2012-05-18,493506.47,553876.9879000001
2012-05-18,1213310.45,1507383.348700001
2012-05-18,543706.04,542813.0365000002
2012-05-18,2207214.81,2044868.2512999997
2012-05-18,460945.14,426287.6926000001
2012-05-18,1352442.31,803708.8692999998
2012-05-18,1707158.82,1796672.4317000008
2012-05-18,896295.41,1132066.1181000005
2012-05-18,998672.85,1115887.6174
2012-05-18,986612.02,989571.4149000006
2012-05-18,534847.96,536103.1895999999
2012-05-18,590636.38,761664.1337999998
2012-05-18,978082.84,1011742.9221999996
2012-05-18,1513635.64,1121106.9690999994
2012-05-18,1522978.54,1472345.3379000002
2012-05-18,336189.66,324871.27949999995
2012-05-18,700554.16,737888.2317000004
2012-05-18,2039222.26,2088603.0813000011
2012-05-18,276899.95,678445.5126
2012-05-18,324801.13,367893.51789999986
2012-05-18,1595901.87,1638675.6875999996
2012-05-18,913922.01,930713.0640999993
2012-05-18,1177539.71,1321220.7796
2012-05-18,819196.68,881436.4468000005
2012-05-18,600050.98,613493.3455
2012-05-18,1366937.1,1019876.0748000005
2012-05-18,1020486.05,1020337.5795000008
2012-05-18,717207.19,699137.9314999995
2012-05-18,334042.43,542126.7479000005
2012-05-18,1441473.82,1472478.5074999994
2012-05-18,571463.93,585192.4435000002
2012-05-18,1932233.17,538634.2439999998
2012-05-18,2131900.55,2003456.3852000001
2012-05-18,1298809.8,1097381.6987000008
2012-05-18,800842.28,839715.6665000004
2012-05-18,1332952.47,1019724.5137000002
2012-05-18,1795152.73,1977762.6546999996
2012-05-18,2000940.67,1885503.8560000006
2012-05-18,648541.81,654089.8550999999
2012-05-18,418112.76,348286.8387
2012-05-25,549665.67,546533.1713000003
2012-05-25,2114989.0,2087705.5673
2012-05-25,1485540.28,1051524.9095000003
2012-05-25,540625.79,521131.41910000006
2012-05-25,1424500.47,1251178.3433
2012-05-25,2043349.41,2002709.4273999997
2012-05-25,1830939.1,1979327.4931999997
2012-05-25,722891.24,729307.9519
2012-05-25,1407897.57,1106627.3738000006
2012-05-25,343268.29,538131.7396000004
2012-05-25,532739.77,871057.7883999998
2012-05-25,1232784.22,1324219.7090999999
2012-05-25,306098.17,357674.4092999998
2012-05-25,1088446.58,1039860.8312000005
2012-05-25,1818906.73,1790453.588300001
2012-05-25,518045.09,560158.5068000001
2012-05-25,597406.39,662276.1921999999
2012-05-25,2030869.61,547589.1765999998
2012-05-25,547226.0,592217.6699000002
2012-05-25,1397094.26,1454272.166799999
2012-05-25,1596036.66,1458445.4484000003
2012-05-25,1603793.42,1125181.4101999996
2012-05-25,1912791.09,1864542.0270000005
2012-05-25,984881.59,852294.7687000006
2012-05-25,261851.74,678123.8550000001
2012-05-25,449355.91,421325.5966
2012-05-25,1297335.87,812882.1881000001
2012-05-25,1047297.38,990825.3208000009
2012-05-25,535764.58,758270.8683999997
2012-05-25,817741.17,837816.6256000005
2012-05-25,783371.02,720892.5283999996
2012-05-25,1067310.74,1018279.7595000003
2012-05-25,1555444.55,1624689.0946999998
2012-05-25,422810.12,602608.1405999998
2012-05-25,2154137.67,2087091.3630999997
2012-05-25,991054.49,1178172.6852999998
2012-05-25,1552934.64,1024853.2174000004
2012-05-25,991514.21,1018632.8125000006
2012-05-25,1151214.41,1535327.3627000004
2012-05-25,341994.48,321083.19530000025
2012-05-25,413701.29,346547.93409999995
2012-05-25,693780.42,663166.4189999998
2012-05-25,822167.17,882964.1722000006
2012-05-25,895157.44,931850.1085999988
2012-05-25,1015737.61,1124849.8181
2012-06-01,1476144.34,1067203.5088000004
2012-06-01,1900638.6,1917839.958200001
2012-06-01,1245480.95,1529593.1898000007
2012-06-01,532311.93,578983.4186999999
2012-06-01,938914.28,857074.1345000006
2012-06-01,837144.63,847306.9162000004
2012-06-01,605078.62,658823.6087999999
2012-06-01,323410.94,540855.3048000004
2012-06-01,977062.44,1155997.3985000001
2012-06-01,1118313.7,1095509.5413000006
2012-06-01,1037464.27,1176139.0742
2012-06-01,359867.8,325961.4733000003
2012-06-01,1467722.19,1151062.3728999998
2012-06-01,1767471.48,1979657.2433999993
2012-06-01,932195.52,910821.1385000004
2012-06-01,1361595.33,811748.5263000001
2012-06-01,2035431.39,2003366.0101000003
2012-06-01,1624477.58,1625239.6881999997
2012-06-01,981345.2,1019322.0741000006
2012-06-01,1910092.37,1860528.0867
2012-06-01,1640476.77,1470082.5993000001
2012-06-01,576252.35,556771.4229
2012-06-01,695439.83,731977.0322999997
2012-06-01,1681121.38,1127998.0260999992
2012-06-01,427021.18,421844.3232000001
2012-06-01,2179360.94,2112926.6957999994
2012-06-01,1157557.79,1324784.5587
2012-06-01,306005.53,357249.1111
2012-06-01,694765.95,729764.9118999998
2012-06-01,261131.09,679284.6575000002
2012-06-01,432268.53,348536.45570000017
2012-06-01,2143126.59,2132588.505199999
2012-06-01,598495.02,926724.0322999997
2012-06-01,435579.7,605156.9432999998
2012-06-01,1374891.36,1283065.8561000002
2012-06-01,1450733.29,1053017.2639000004
2012-06-01,921161.2,936618.0882999987
2012-06-01,1015853.03,1022167.8221000008
2012-06-01,2049485.49,580965.6162000002
2012-06-01,583648.59,594842.9935000002
2012-06-01,521953.78,760247.6520999998
2012-06-01,663971.26,660964.2975999997
2012-06-01,1102857.37,1051502.2454000013
2012-06-01,531811.85,521034.4314000003
2012-06-01,1404516.29,1448476.5985999987
2012-06-08,1406313.13,1087539.0267000005
2012-06-08,1840491.41,1980437.1527999998
2012-06-08,1436383.84,1306058.8562
2012-06-08,2182437.9,2020021.8305
2012-06-08,707895.72,731736.9414999997
2012-06-08,1568048.54,1002237.0160000004
2012-06-08,611390.67,602822.2961999999
2012-06-08,1414343.53,810409.3105000001
2012-06-08,528940.78,520235.4022000003
2012-06-08,554093.15,538483.7629000001
2012-06-08,1086231.47,1020391.4189000009
2012-06-08,340238.38,542825.4135000006
2012-06-08,1106176.83,1002659.6548999995
2012-06-08,437222.94,421586.6832000001
2012-06-08,873415.01,873371.4187000006
2012-06-08,446336.8,347337.3851000002
2012-06-08,341704.59,323260.85710000026
2012-06-08,1061134.37,974180.6567000003
2012-06-08,928820.0,929970.2771999991
2012-06-08,1079386.88,1122254.8223000006
2012-06-08,448110.25,606860.6372
2012-06-08,1440687.69,1525187.1001000009
2012-06-08,1443285.79,1445048.7443999986
2012-06-08,1110479.94,1007149.4321000002
2012-06-08,603618.89,577536.9877999999
2012-06-08,999511.29,1151316.5148000002
2012-06-08,1764756.31,1742957.9919000014
2012-06-08,1697230.96,1621438.7000999996
2012-06-08,642671.48,757751.1681999996
2012-06-08,1623442.24,1466811.1607
2012-06-08,2245257.18,2110593.5538
2012-06-08,730254.19,704039.9974999994
2012-06-08,642963.75,947018.2910999998
2012-06-08,987990.24,860511.8722000009
2012-06-08,1696619.52,1124821.7985999992
2012-06-08,2010216.49,1862251.3767000001
2012-06-08,338273.38,355724.7033
2012-06-08,1390122.11,1024412.5562999999
2012-06-08,2231962.13,2085579.9734999998
2012-06-08,582525.42,591082.4807000002
2012-06-08,1246322.44,1330223.873
2012-06-08,643032.51,662254.3134
2012-06-08,2099615.88,596505.9824000003
2012-06-08,286082.76,677455.0199000001
2012-06-08,795133.0,836904.7962000004
2012-06-15,1630607.0,1617814.3516
2012-06-15,848289.41,886924.9230000004
2012-06-15,1019555.51,1020024.8986000005
2012-06-15,430222.07,610906.7313999998
2012-06-15,338400.82,530154.0164000005
2012-06-15,333146.88,354342.9566999999
2012-06-15,1587499.82,1466467.9658999997
2012-06-15,290444.31,664406.9703
2012-06-15,570045.79,576970.1122999999
2012-06-15,327383.64,322978.2116000002
2012-06-15,1962924.3,1863528.6260000002
2012-06-15,1905733.68,591319.0102
2012-06-15,1642247.48,1126790.2417999993
2012-06-15,634815.1,656507.1507999997
2012-06-15,977950.28,1154086.5112000003
2012-06-15,442074.79,346465.0984000002
2012-06-15,1229760.97,1529012.9864000008
2012-06-15,916918.7,931870.8970999989
2012-06-15,1440263.15,1020136.5245000005
2012-06-15,1029248.22,1019816.2233000002
2012-06-15,438523.24,422233.3547000002
2012-06-15,1364445.98,1097616.7835000004
2012-06-15,1061219.19,985282.4069
2012-06-15,508573.16,520628.3503000002
2012-06-15,606309.13,738786.3780999997
2012-06-15,552338.76,538222.4428000001
2012-06-15,2152229.11,2023432.1621999997
2012-06-15,1431003.43,1444136.2863999987
2012-06-15,636737.65,655992.6541999995
2012-06-15,727049.04,731020.2379
2012-06-15,2165160.29,2117784.9866999993
2012-06-15,821498.18,844970.0199000004
2012-06-15,1543667.68,1010856.4937999999
2012-06-15,753860.89,726163.5740999996
2012-06-15,982345.51,1151608.5955000005
2012-06-15,1057425.83,1016591.5260000001
2012-06-15,666942.02,972972.4387999998
2012-06-15,1811562.88,1977407.7758999995
2012-06-15,1773500.56,1739119.7325000016
2012-06-15,1384584.59,1303203.9942
2012-06-15,964169.67,869077.7021000009
2012-06-15,564606.1,592529.5152000003
2012-06-15,1417875.42,809926.6978999999
2012-06-15,1234759.54,1330163.9994
2012-06-15,2234190.93,2214151.82
2012-06-22,1000285.1,1009635.7197
2012-06-22,687085.6,650134.3062000002
2012-06-22,981210.57,961205.9009000009
2012-06-22,735870.0,728300.7215999998
2012-06-22,1522042.57,1045833.5125000007
2012-06-22,1112449.3,1005364.7288000004
2012-06-22,1355680.3,810462.4146000001
2012-06-22,899449.65,935077.878499999
2012-06-22,981386.25,1025983.1327000007
2012-06-22,1468350.36,1025806.6106000001
2012-06-22,2060588.69,2107929.0403
2012-06-22,822569.16,839753.6181000003
2012-06-22,428554.63,421096.12050000014
2012-06-22,1196880.11,1324045.0122000002
2012-06-22,1080357.89,1045979.1124000004
2012-06-22,1180671.55,1549662.9392000004
2012-06-22,261666.29,351016.6440000002
2012-06-22,336241.0,367607.16750000016
2012-06-22,1056282.91,1078119.2195000008
2012-06-22,1394065.76,1449602.3071999995
2012-06-22,1618272.25,1127424.9720999994
2012-06-22,687344.68,944085.5865999999
2012-06-22,540031.29,572836.2323999997
2012-06-22,405938.35,437759.7635
2012-06-22,306411.01,352605.06
2012-06-22,1532316.79,1467116.7245000002
2012-06-22,2197299.65,2230665.117799999
2012-06-22,721601.9,715534.8791999996
2012-06-22,2094373.0,2059677.6522
2012-06-22,1386407.17,1307131.4457
2012-06-22,581854.5,553975.9647999998
2012-06-22,613270.79,653290.5507999999
2012-06-22,1837884.79,1864213.3166000005
2012-06-22,419497.95,346788.5058000002
2012-06-22,1755334.18,1975751.7927999995
2012-06-22,1033552.18,1178845.2840000007
2012-06-22,911696.0,909651.1394000005
2012-06-22,562173.12,592733.5428000003
2012-06-22,581745.72,576367.9693999997
2012-06-22,1660228.88,593554.3323
2012-06-22,1434709.63,1133223.5992999997
2012-06-22,325041.68,323155.4991000002
2012-06-22,484032.75,522428.9979000002
2012-06-22,1887733.21,1872027.4225000003
2012-06-22,1527845.81,1613365.1541
2012-06-29,1355600.01,1310198.8191999998
2012-06-29,1881046.12,1918198.6264999998
2012-06-29,1842555.32,1881961.3473000012
2012-06-29,593128.13,650018.8435999998
2012-06-29,1379652.65,1028018.5904000006
2012-06-29,1051190.44,1061969.8787000007
2012-06-29,1428869.9,1127240.2126000002
2012-06-29,718890.81,720649.5229999996
2012-06-29,2055952.61,2130046.3578999992
2012-06-29,716341.39,748856.5988000002
2012-06-29,1097006.3,1050620.5133000007
2012-06-29,1451782.16,1015028.7115000003
2012-06-29,338386.08,372422.93969999993
2012-06-29,1540421.49,1615542.0820000002
2012-06-29,1053881.78,1016027.3824000007
2012-06-29,329658.1,321784.36910000024
2012-06-29,988764.84,1162987.0295000006
2012-06-29,422965.33,348010.8228000001
2012-06-29,507403.77,554457.8675999998
2012-06-29,773367.71,836543.7689000003
2012-06-29,982322.24,971935.7954000006
2012-06-29,1129031.98,1581925.0155000002
2012-06-29,1297028.6,815605.0443000001
2012-06-29,1349202.25,1484745.2549000003
2012-06-29,704335.41,941341.6790999995
2012-06-29,423192.4,421044.9403
2012-06-29,508309.81,523565.8206000001
2012-06-29,942970.63,1006453.7384999997
2012-06-29,1648863.46,1125344.5106999995
2012-06-29,404634.36,442255.7013
2012-06-29,555954.13,553770.941
2012-06-29,1492388.98,1477279.5683000004
2012-06-29,544770.7,592758.5655000001
2012-06-29,1178211.81,1325917.1852000004
2012-06-29,2128362.92,2221042.2397
2012-06-29,244338.31,343258.65849999996
2012-06-29,943124.74,1026266.3733000004
2012-06-29,1707481.9,1974402.4904999991
2012-06-29,878298.22,936944.4182999987
2012-06-29,624099.48,655365.5796999999
2012-06-29,2037663.71,2042289.2709999993
2012-06-29,892133.41,941488.2147000001
2012-06-29,570162.28,579742.8927999998
2012-06-29,291530.43,358382.06849999994
2012-06-29,1591835.02,582590.5805000003
2012-07-06,693013.59,726045.4016999996
2012-07-06,411206.5,346206.41960000014
2012-07-06,341214.43,317776.66030000016
2012-07-06,2184980.35,2049327.152399999
2012-07-06,1180470.8,1064619.3515000006
2012-07-06,1645097.75,1114835.2030000004
2012-07-06,471086.22,502227.58299999975
2012-07-06,519498.32,519393.9515000002
2012-07-06,1007867.68,496904.2193000002
2012-07-06,1545370.16,1033102.3347000009
2012-07-06,645618.59,659406.8781999998
2012-07-06,578832.41,546540.2306999998
2012-07-06,1557120.44,1018811.1180000002
2012-07-06,1659221.99,1466250.2030000004
2012-07-06,1805999.79,1982057.6240999997
2012-07-06,1769854.16,1609867.6050000007
2012-07-06,985479.64,935689.2624000002
2012-07-06,1461129.94,590185.8248999998
2012-07-06,1458059.42,1474916.9680000008
2012-07-06,1182901.56,1196198.5983000004
2012-07-06,440553.42,420723.36290000007
2012-07-06,843361.1,835488.4319
2012-07-06,678024.75,643204.3019999999
2012-07-06,273690.37,349451.2847000001
2012-07-06,618702.09,567697.1573999999
2012-07-06,358461.58,363683.89590000006
2012-07-06,2062224.92,1860083.3132999998
2012-07-06,1862128.95,589600.1905000003
2012-07-06,1097786.14,1007564.3785000006
2012-07-06,1014898.78,2069577.0408999997
2012-07-06,2358055.3,2115147.6109
2012-07-06,578790.36,591064.4234999999
2012-07-06,1046782.52,978103.5745000006
2012-07-06,1158247.31,1017415.7975000006
2012-07-06,306578.89,357279.2871
2012-07-06,805642.61,963082.8484999996
2012-07-06,1456300.89,1314787.6643
2012-07-06,936205.5,931272.6045999991
2012-07-06,2041507.4,1900554.2328
2012-07-06,2224499.28,2215110.940399999
2012-07-06,1500863.54,1546984.9303999997
2012-07-06,1214183.97,1325264.8291000004
2012-07-06,753385.55,705557.3367999996
2012-07-06,1876359.39,1187688.3604999995
2012-07-06,641763.53,578110.7054999997
2012-07-13,1332594.07,1304566.6185000003
2012-07-13,2002750.99,2029955.376699999
2012-07-13,417640.34,418890.9104000002
2012-07-13,1765571.91,1944381.2935
2012-07-13,1405475.78,1098787.8825
2012-07-13,1755889.53,1827252.6073000005
2012-07-13,1471261.76,1464866.9350000005
2012-07-13,287033.64,347564.4346000001
2012-07-13,514709.76,533325.4028
2012-07-13,971361.38,1003849.8077000001
2012-07-13,1384921.63,1008907.1024000004
2012-07-13,1320239.51,589177.2270999998
2012-07-13,536537.64,590055.8256999998
2012-07-13,2134680.12,2104481.8320999998
2012-07-13,2100252.61,2210955.546499999
2012-07-13,1024784.92,1004464.0037000007
2012-07-13,416036.75,495664.72309999965
2012-07-13,960312.75,2045937.4678
2012-07-13,1544422.35,591184.8203000005
2012-07-13,569005.06,572078.1043999998
2012-07-13,668132.36,709673.6773999998
2012-07-13,714093.95,706232.9746999996
2012-07-13,694150.89,958273.9686999997
2012-07-13,1374301.34,1471303.2181000006
2012-07-13,298337.41,356960.4763999999
2012-07-13,416913.1,346041.02930000017
2012-07-13,954677.75,496782.8458000001
2012-07-13,1063149.78,1052406.1958000006
2012-07-13,591335.5,635825.6796
2012-07-13,960746.04,970406.5380000011
2012-07-13,890488.01,930404.8148999991
2012-07-13,979848.71,1173461.2896000005
2012-07-13,1179915.04,1496148.124799999
2012-07-13,628099.08,561595.3185999999
2012-07-13,506005.47,520521.22260000004
2012-07-13,749817.08,826717.2127000004
2012-07-13,316203.64,317082.46650000016
2012-07-13,825763.48,903097.1213000002
2012-07-13,627634.04,649403.4122999997
2012-07-13,1141184.66,1324636.4803000004
2012-07-13,1321741.35,1037913.7733000006
2012-07-13,1527014.04,1602362.452600001
2012-07-13,1830075.13,1883241.5898000004
2012-07-13,336479.49,372643.2769999999
2012-07-13,1588142.26,1157019.3196999994
2012-07-20,303289.55,352339.44679999986
2012-07-20,565297.54,572359.7849999998
2012-07-20,888834.07,935163.6685999989
2012-07-20,1394299.0,1099079.9655000002
2012-07-20,1970170.29,2089036.3368999998
2012-07-20,1167829.33,1317278.7842000006
2012-07-20,944698.7,967907.0275000005
2012-07-20,1553250.16,607210.7963000004
2012-07-20,513991.57,591996.3829
2012-07-20,2175563.69,2193899.4960999996
2012-07-20,941550.34,2044160.8533
2012-07-20,737613.65,826432.4566000006
2012-07-20,685676.58,702564.2700999996
2012-07-20,1149427.48,1498570.1905999996
2012-07-20,337819.16,361958.74560000026
2012-07-20,1730913.66,1820744.6754000003
2012-07-20,432424.85,347499.67150000023
2012-07-20,1344483.81,590558.5801999999
2012-07-20,1347175.93,1313607.811
2012-07-20,530318.39,559711.9731000001
2012-07-20,841224.74,898880.1574000005
2012-07-20,1033543.56,1002458.1926000005
2012-07-20,1574361.97,1131301.6973999992
2012-07-20,253205.89,348746.7561000001
2012-07-20,506705.36,530139.6028999998
2012-07-20,1317672.92,1014263.8755
2012-07-20,321205.12,319664.57610000024
2012-07-20,1869967.03,1973072.2752999994
2012-07-20,1582168.27,1467633.8021000004
2012-07-20,1497954.76,1614028.8372000002
2012-07-20,991969.37,1000011.3807999999
2012-07-20,596554.05,654961.2249999997
2012-07-20,503744.56,519687.4309000002
2012-07-20,1049625.9,1039980.6258000002
2012-07-20,427491.04,418701.0613000002
2012-07-20,686345.69,957993.0761999995
2012-07-20,1819666.46,1895344.3377
2012-07-20,968502.38,1163303.5186
2012-07-20,950929.59,495500.0315
2012-07-20,441683.74,497662.31469999976
2012-07-20,1381339.23,1026666.0409000006
2012-07-20,592369.22,631042.5622999999
2012-07-20,2053089.32,2052562.4971999992
2012-07-20,691200.33,724643.1223999998
2012-07-20,1392395.2,1475351.8468000002
2012-07-27,514489.17,519511.51480000024
2012-07-27,1817603.66,1942424.3487999993
2012-07-27,407186.47,495571.9194999997
2012-07-27,516352.21,574882.2810000001
2012-07-27,1479514.66,606248.3661000005
2012-07-27,2048613.65,2183353.7854999993
2012-07-27,249134.32,346026.0023000003
2012-07-27,1031745.14,1043774.0366000005
2012-07-27,808030.15,897957.1795000004
2012-07-27,424581.17,417081.9823000002
2012-07-27,389427.9,346810.5595000002
2012-07-27,319855.26,372466.6538999999
2012-07-27,838227.52,928280.265599999
2012-07-27,1303732.36,1471495.6813
2012-07-27,1344723.97,1313682.9786999999
2012-07-27,1307339.14,1099371.2330000002
2012-07-27,1911559.1,2088202.9490999992
2012-07-27,571190.83,629761.0438
2012-07-27,1248915.43,1031995.1301000001
2012-07-27,1439123.71,1608425.2713000001
2012-07-27,907493.24,957615.7584000005
2012-07-27,677789.14,727062.2666999996
2012-07-27,916967.92,2031809.8427000002
2012-07-27,572447.52,651328.1933999998
2012-07-27,1513229.16,1114792.2186999994
2012-07-27,1914430.53,2049291.838599999
2012-07-27,1757923.88,1881692.5492999998
2012-07-27,306827.36,322408.77280000027
2012-07-27,659109.53,704177.0460999998
2012-07-27,925731.21,1001959.2081999999
2012-07-27,1272395.02,590452.6596000001
2012-07-27,495951.0,589603.5898000002
2012-07-27,917883.79,494420.49660000013
2012-07-27,1487797.54,1475792.2362000004
2012-07-27,686365.4,958238.3837999996
2012-07-27,1625883.71,1853399.2595000002
2012-07-27,475158.24,532330.9828999997
2012-07-27,1135035.09,1495123.5823999997
2012-07-27,711671.58,825680.0824000004
2012-07-27,1322932.36,1001355.8061000002
2012-07-27,279643.43,353681.1922999999
2012-07-27,1144901.52,1312648.6980000003
2012-07-27,924506.26,1005191.4480999999
2012-07-27,954396.85,1168673.6112000004
2012-07-27,539337.87,569973.5620999999
2012-08-03,1068346.76,1171333.6335
2012-08-03,680954.81,972909.1988999993
2012-08-03,324195.17,322336.3559000003
2012-08-03,1631135.79,1612156.2243000001
2012-08-03,425136.55,412144.0621000002
2012-08-03,504754.74,537788.5258999997
2012-08-03,1416926.31,1028433.6842000001
2012-08-03,1342123.78,1049475.0191
2012-08-03,1608277.74,1477218.4544000002
2012-08-03,1939440.09,1967217.6793999993
2012-08-03,342385.38,372756.4417999999
2012-08-03,866216.36,903824.1849000003
2012-08-03,725729.51,828439.6420000005
2012-08-03,1376520.1,1530252.5485
2012-08-03,419990.29,347723.56470000016
2012-08-03,897076.73,930712.386499999
2012-08-03,614378.94,654740.6633999997
2012-08-03,877813.33,952559.7078000006
2012-08-03,573084.71,568491.0802999999
2012-08-03,1399341.07,589511.2881
2012-08-03,1183571.35,1312801.1269000003
2012-08-03,973250.41,495159.8165000003
2012-08-03,590739.62,632668.4199999998
2012-08-03,1946104.64,1898822.4784000006
2012-08-03,304989.97,355542.8505999999
2012-08-03,469311.17,502058.13929999975
2012-08-03,1090915.09,1051822.2136000006
2012-08-03,1390174.63,1479723.6991999992
2012-08-03,2044148.23,2061832.900799999
2012-08-03,521959.28,520482.5739
2012-08-03,584000.71,569004.0607999997
2012-08-03,1627274.93,1115498.8405999993
2012-08-03,1656886.46,606015.5973000004
2012-08-03,709724.6,708658.7418
2012-08-03,1439607.35,1343978.716299999
2012-08-03,1705810.84,1871055.6075
2012-08-03,958667.23,2039356.6748000002
2012-08-03,2174514.13,2178433.0673999996
2012-08-03,533887.54,589977.8713
2012-08-03,1052066.58,1007659.9974999998
2012-08-03,1007257.83,1012066.009
2012-08-03,1440374.13,1117075.4471
2012-08-03,693785.85,726789.6654999997
2012-08-03,2094515.71,2099727.7631999995
2012-08-03,258533.12,348774.1274000001
2012-08-10,1121476.51,1046225.6104000002
2012-08-10,2144245.39,2100721.2188999997
2012-08-10,643558.78,655085.5376999993
2012-08-10,1004523.59,508706.61750000005
2012-08-10,590453.63,629175.9252999999
2012-08-10,1497054.81,1105218.4726000002
2012-08-10,554036.84,562939.4170999997
2012-08-10,1408907.89,1034927.2685000001
2012-08-10,333594.81,372756.4417999999
2012-08-10,973812.79,996148.1487
2012-08-10,1504545.94,1346570.6777999985
2012-08-10,849074.04,946838.0163000007
2012-08-10,1592409.97,1612371.9855000002
2012-08-10,930745.69,929578.6060999989
2012-08-10,2041019.92,2054807.1904999989
2012-08-10,984689.9,2031753.9846000003
2012-08-10,1007906.43,1171526.6936
2012-08-10,1588380.73,1116283.0875999993
2012-08-10,1866719.96,1887379.0252
2012-08-10,500964.59,519463.4799000001
2012-08-10,1720537.26,1826309.0746000006
2012-08-10,888368.8,892578.6225000004
2012-08-10,1386472.59,1494916.5993
2012-08-10,391811.6,347793.9306000001
2012-08-10,2193367.69,2075528.6378999993
2012-08-10,518628.42,533440.6364999998
2012-08-10,967304.07,991830.9722000003
2012-08-10,436690.13,498806.4605999996
2012-08-10,1227469.2,1312754.3184
2012-08-10,675926.3,950670.3461999991
2012-08-10,576620.31,568766.1332999996
2012-08-10,430878.28,412596.3636
2012-08-10,1436311.76,1035749.4965000007
2012-08-10,1388973.65,592437.3258000001
2012-08-10,700272.01,733121.6817999998
2012-08-10,1641867.92,1483439.2908
2012-08-10,1880436.94,1921898.4871999994
2012-08-10,1648570.03,599814.9136000001
2012-08-10,298947.51,354915.15279999987
2012-08-10,710496.97,708971.3498999997
2012-08-10,306759.7,322181.1607000003
2012-08-10,733037.32,817962.0109000003
2012-08-10,297753.49,347728.1634000002
2012-08-10,538713.47,591684.4811000001
2012-08-10,1269113.41,1524037.0064999994
2012-08-17,1005003.12,2034666.3571000004
2012-08-17,1543049.52,1115602.1414999992
2012-08-17,1397970.54,1130900.3906000003
2012-08-17,575997.78,572189.6242
2012-08-17,1735339.59,1822334.8790000004
2012-08-17,327389.51,364183.8549000001
2012-08-17,1184198.41,1518393.7184000001
2012-08-17,722496.93,818069.1218000005
2012-08-17,728467.72,729406.1599999998
2012-08-17,521896.6,568040.9833999999
2012-08-17,1827797.4,1934207.9507999993
2012-08-17,844928.17,926871.2656000005
2012-08-17,896613.19,931221.676499999
2012-08-17,642450.4,986020.2077999995
2012-08-17,887979.47,896348.4498000006
2012-08-17,1560590.05,1337432.9798999995
2012-08-17,1660433.3,593996.1046000004
2012-08-17,1720221.91,1483698.2684000009
2012-08-17,2283540.3,2049119.5430999994
2012-08-17,314607.22,359327.5989999998
2012-08-17,270097.76,345504.8052000001
2012-08-17,423351.15,410607.7688000001
2012-08-17,394918.83,346748.73230000003
2012-08-17,1597868.05,1608553.8352000003
2012-08-17,1510131.45,1037197.5225000002
2012-08-17,1375101.26,1064796.7729
2012-08-17,981273.26,989651.7472999997
2012-08-17,1261306.37,1320547.4008000002
2012-08-17,579738.2,620956.5715999994
2012-08-17,535153.47,591470.3917999999
2012-08-17,1013820.86,483687.84030000004
2012-08-17,1410181.7,1491543.5054000001
2012-08-17,1421307.2,591184.5540999998
2012-08-17,2045061.22,2060423.1555000003
2012-08-17,416881.66,523815.4119999999
2012-08-17,640210.85,661368.1377999998
2012-08-17,2095769.18,2045887.567799999
2012-08-17,411866.46,497122.70049999974
2012-08-17,1928016.01,1891928.1697000002
2012-08-17,969387.48,1181770.0659000005
2012-08-17,509633.71,521652.1739999998
2012-08-17,1068292.56,1041634.8700000001
2012-08-17,1048134.24,996697.0557
2012-08-17,314014.18,321347.9031000003
2012-08-17,751963.81,776920.6526
2012-08-24,1379783.21,1465249.7245999994
2012-08-24,756527.64,721397.4514999996
2012-08-24,1621841.33,591527.0147000004
2012-08-24,1145840.91,1008142.0799000002
2012-08-24,1764984.15,1940248.035599999
2012-08-24,802003.61,735408.4519000001
2012-08-24,572887.78,592131.7614000002
2012-08-24,598234.64,658885.4586999998
2012-08-24,895274.72,900431.1878000004
2012-08-24,2005341.43,2059258.3228
2012-08-24,945318.47,1157511.7679000003
2012-08-24,1303726.54,1092993.7528000004
2012-08-24,2059458.25,2042501.1098999989
2012-08-24,337985.74,526317.0449000003
2012-08-24,926250.21,837721.6408999995
2012-08-24,1494122.38,1618270.9391
2012-08-24,1272809.11,1317656.4578000002
2012-08-24,1876788.15,1867702.9652000004
2012-08-24,412449.67,348070.8086000002
2012-08-24,606210.77,621349.5506999997
2012-08-24,282545.55,337482.3643999999
2012-08-24,1060906.75,1021560.5900000005
2012-08-24,425296.65,407266.1699000001
2012-08-24,936373.65,933624.0529999993
2012-08-24,924299.78,859131.7982000004
2012-08-24,1702220.96,1030306.3602
2012-08-24,615026.15,534587.9550999998
2012-08-24,1724669.75,1476224.3746000004
2012-08-24,1409515.73,593279.0515
2012-08-24,320831.36,322188.8245000002
2012-08-24,2125241.68,2036456.6598999994
2012-08-24,1464462.85,1322061.9472999992
2012-08-24,247672.56,658643.4281000003
2012-08-24,1022704.2,1059495.4801000003
2012-08-24,551152.15,569361.1057
2012-08-24,1544653.37,1042796.4757
2012-08-24,609099.37,979486.6807999995
2012-08-24,1501095.49,1124398.9860999996
2012-08-24,522665.04,522668.89130000025
2012-08-24,1780443.36,1861190.190400001
2012-08-24,397428.22,645717.9180999999
2012-08-24,718232.26,828130.2266000004
2012-08-24,1199309.59,1529982.5082
2012-08-24,1048101.39,2039445.4904000002
2012-08-24,535537.03,738419.7246999998
2012-08-31,237129.81,668209.3303000003
2012-08-31,1650285.54,1934276.9002999992
2012-08-31,504760.57,734622.3864
2012-08-31,1227118.75,1542097.7651
2012-08-31,344642.01,323150.4314000003
2012-08-31,1613342.19,591206.9528000004
2012-08-31,2081181.35,2028899.9095999992
2012-08-31,1360517.52,1328520.7485999987
2012-08-31,576879.15,592375.0944000002
2012-08-31,931278.97,907138.0294000006
2012-08-31,424904.95,642997.3057999997
2012-08-31,734297.87,829658.4636000006
2012-08-31,1344558.92,1097243.0865
2012-08-31,545844.91,539290.9868999996
2012-08-31,1061943.49,2032361.0465000004
2012-08-31,763867.59,741459.1435000001
2012-08-31,2062481.56,2129033.4852
2012-08-31,1577468.78,1025781.5675
2012-08-31,1710923.94,1488665.2499000004
2012-08-31,1022270.86,1030807.7512000003
2012-08-31,1577439.81,1120902.0858999996
2012-08-31,1372872.35,591410.1946999999
2012-08-31,1542719.87,1079095.5709000006
2012-08-31,1053495.51,1049030.1844000004
2012-08-31,1731935.43,1848025.696400001
2012-08-31,339490.69,537419.3000000004
2012-08-31,987264.67,1168152.8063000003
2012-08-31,1947083.3,1876531.3246000004
2012-08-31,714828.73,711800.0330999998
2012-08-31,1183979.27,1316044.3275
2012-08-31,1582083.4,1623353.1067000001
2012-08-31,408838.73,348835.8308000002
2012-08-31,976137.73,933111.4696999991
2012-08-31,439132.5,403050.89090000006
2012-08-31,282647.48,338800.4389999998
2012-08-31,551837.31,568789.8191999999
2012-08-31,1373651.49,1479183.1496999997
2012-08-31,933487.71,847890.5323999997
2012-08-31,1117097.23,979530.1051999996
2012-08-31,865924.2,862845.2342000008
2012-08-31,610185.32,620225.2760999999
2012-08-31,586467.16,977032.1269999996
2012-08-31,593141.29,657126.8608999999
2012-08-31,2073855.42,2024713.6698999992
2012-08-31,538344.1,522202.7984
2012-09-07,663814.18,657899.8148999998
2012-09-07,350648.91,328970.30400000035
2012-09-07,1609811.75,1494477.1987000003
2012-09-07,1083521.24,966780.1161999997
2012-09-07,540811.85,528019.6301999998
2012-09-07,617405.35,753607.5903999998
2012-09-07,565812.29,595941.6938
2012-09-07,976415.56,852860.2947999999
2012-09-07,293728.57,337829.5972999999
2012-09-07,1427162.26,1038187.4354000001
2012-09-07,1255633.29,973302.2839000017
2012-09-07,1898777.07,1890662.3729000008
2012-09-07,1088248.4,1152469.0031
2012-09-07,1608077.01,1120520.6346999994
2012-09-07,1469693.99,1546818.4283
2012-09-07,766512.66,827599.3840000008
2012-09-07,537138.58,576564.1543
2012-09-07,1304584.4,594320.8727999999
2012-09-07,2165796.31,1987800.6136999996
2012-09-07,996628.8,1026007.9959000007
2012-09-07,1126685.95,1325883.3926000001
2012-09-07,1358111.62,1494445.7627
2012-09-07,1840955.23,1863509.876700001
2012-09-07,433565.77,395783.46270000003
2012-09-07,338737.33,534321.2801000006
2012-09-07,955146.04,2005508.4440000004
2012-09-07,1904512.34,581764.0105000002
2012-09-07,286428.78,672114.5841000002
2012-09-07,1497073.82,1074759.3253000004
2012-09-07,2125104.72,2005278.5113999995
2012-09-07,1392143.82,1283632.5597999997
2012-09-07,1661767.33,1615564.7851
2012-09-07,1477134.75,1095542.0202
2012-09-07,408229.73,352344.8929000001
2012-09-07,1081874.03,1056998.4744000006
2012-09-07,587259.82,623677.9021
2012-09-07,526838.14,521921.3377000002
2012-09-07,642827.29,698251.2167999996
2012-09-07,597876.55,959242.5950999998
2012-09-07,1708283.28,1918726.9397999996
2012-09-07,984833.35,965063.6958000005
2012-09-07,671482.9,680143.8432999995
2012-09-07,490274.82,641649.2133
2012-09-07,932160.37,937439.078699999
2012-09-07,2080529.06,2117257.6572
2012-09-14,1919917.03,2003954.1750999994
2012-09-14,514651.74,521602.0379000001
2012-09-14,1370653.41,1011861.5092999998
2012-09-14,702238.27,813422.7971000008
2012-09-14,821568.64,886637.1538000007
2012-09-14,901709.82,1119190.8651000003
2012-09-14,1071040.22,872584.833400001
2012-09-14,883569.38,933919.1034999994
2012-09-14,1124660.77,1486536.2769000002
2012-09-14,955211.7,841615.4690999996
2012-09-14,986131.94,1005099.6698000004
2012-09-14,347726.67,533424.8187000005
2012-09-14,407589.16,348998.4352000002
2012-09-14,625196.94,644404.6328000001
2012-09-14,1375166.86,1123496.7989999996
2012-09-14,1640168.99,1929421.528599999
2012-09-14,1156377.47,1323924.9597999996
2012-09-14,541120.2,909775.2328999996
2012-09-14,1517428.87,1622293.0887999996
2012-09-14,1327705.44,1447485.8316999995
2012-09-14,1814806.63,1835368.3022000012
2012-09-14,2047949.98,2077587.919400001
2012-09-14,628494.63,666141.9872999999
2012-09-14,1279041.64,1013975.2324000001
2012-09-14,657241.63,660105.964
2012-09-14,1306644.25,1248229.8569999998
2012-09-14,523427.35,593509.051
2012-09-14,527509.76,613678.8086999999
2012-09-14,526525.16,550171.2554000004
2012-09-14,430944.39,641400.3228999999
2012-09-14,885892.37,2036958.3513000002
2012-09-14,475127.18,512643.3704000002
2012-09-14,586737.66,748760.5475
2012-09-14,299800.67,325858.0464000003
2012-09-14,918049.28,980822.0418000005
2012-09-14,1447614.08,1484003.7126000004
2012-09-14,1554794.22,545191.7237000003
2012-09-14,437773.31,402883.4185000001
2012-09-14,1267675.05,593747.1387
2012-09-14,1519604.5,1744236.4010000015
2012-09-14,301893.63,331608.1662999998
2012-09-14,960476.1,954435.4217000002
2012-09-14,1242909.53,1050527.215
2012-09-14,277417.53,666883.5271000002
2012-09-14,2117854.6,2020492.3342
2012-09-21,922735.37,2034589.0455000005
2012-09-21,1506126.06,1624272.71
2012-09-21,336017.6,533379.6027000005
2012-09-21,1338627.55,1013390.9235000005
2012-09-21,943047.78,843121.4751999996
2012-09-21,1671857.57,1916100.546899999
2012-09-21,723086.2,814189.2203000006
2012-09-21,252709.58,670261.8357000003
2012-09-21,1261158.47,1044508.2353000003
2012-09-21,921612.53,977619.5327000006
2012-09-21,1557485.75,1765338.8288000012
2012-09-21,667151.46,668602.8069000001
2012-09-21,1326132.98,592664.7759
2012-09-21,938303.28,867423.6004000008
2012-09-21,530842.25,894970.5577999997
2012-09-21,961084.08,1008172.0400999994
2012-09-21,857796.45,931495.2196999994
2012-09-21,2028587.24,2074560.8730000004
2012-09-21,1159119.6,1316664.3545999997
2012-09-21,772302.94,880838.7642000008
2012-09-21,1938379.66,1988873.4659
2012-09-21,899768.4,1083660.8857000005
2012-09-21,533756.88,589149.8630000001
2012-09-21,664745.2,666889.2569999998
2012-09-21,1555672.51,1492064.8952000006
2012-09-21,489079.23,512813.2658000001
2012-09-21,521320.98,523911.5758000001
2012-09-21,414392.09,351175.0753000001
2012-09-21,509942.56,548137.8887000002
2012-09-21,971386.65,947842.0181000005
2012-09-21,527165.7,749794.8226
2012-09-21,1373064.87,1462344.1744
2012-09-21,601990.02,643464.9780000001
2012-09-21,1276609.36,1239415.6420999998
2012-09-21,307306.76,328015.7318
2012-09-21,533161.64,593760.7688999996
2012-09-21,1338572.29,1003526.1920999998
2012-09-21,2119438.53,2013607.2953999997
2012-09-21,1829415.67,1850416.6827000007
2012-09-21,1135340.19,1477991.5742000008
2012-09-21,1425603.65,1114967.2719
2012-09-21,409600.98,641040.5234
2012-09-21,293804.45,327239.34379999974
2012-09-21,1565352.46,532193.9949000003
2012-09-21,443891.64,409135.4700000001
2012-09-28,1522512.2,524163.2759000002
2012-09-28,880415.67,2036487.1064000004
2012-09-28,425410.04,399320.72320000007
2012-09-28,2027620.23,2017943.6529999995
2012-09-28,489674.23,512912.2167000001
2012-09-28,1694862.41,1920228.0231999992
2012-09-28,1495607.07,1472606.8054000004
2012-09-28,389813.02,348383.62440000015
2012-09-28,1279080.58,1444607.1101999993
2012-09-28,355307.94,533484.6818000006
2012-09-28,525545.76,894550.4699999997
2012-09-28,814099.86,878844.9016000007
2012-09-28,1002856.2,948699.6414000004
2012-09-28,1319035.06,1019606.5465000005
2012-09-28,505978.46,748507.5336999999
2012-09-28,1338299.02,1006706.1353999998
2012-09-28,1307928.01,1253617.3768000007
2012-09-28,527953.14,522367.89130000025
2012-09-28,976479.51,970772.3131000006
2012-09-28,1540687.63,1761346.0746000013
2012-09-28,1437059.26,1602124.8339
2012-09-28,577792.32,644285.4847
2012-09-28,469607.73,549648.3764000002
2012-09-28,1369131.46,1120525.9782999996
2012-09-28,647097.65,662476.0284999999
2012-09-28,683300.84,668341.3056999999
2012-09-28,516361.06,590688.7906000001
2012-09-28,398468.08,634847.8955999999
2012-09-28,242813.51,666502.1548000001
2012-09-28,1746470.56,1817794.6230000004
2012-09-28,553901.97,609592.1294999997
2012-09-28,270677.98,324790.6826999998
2012-09-28,928629.31,843827.7359999997
2012-09-28,713173.95,814140.4342000006
2012-09-28,884724.41,924935.0677999993
2012-09-28,1129508.61,1465369.3275000006
2012-09-28,2008350.58,2062816.3950999998
2012-09-28,1927664.11,1988187.2297999999
2012-09-28,919595.44,1077272.2049000005
2012-09-28,1259278.36,1047783.6031000002
2012-09-28,310141.68,321452.4955000002
2012-09-28,1227430.73,589844.5155000001
2012-09-28,1157111.15,1315871.9346999996
2012-09-28,964726.37,996638.0125999994
2012-09-28,972716.24,859022.6194000007
2012-10-05,505830.56,900019.1264
2012-10-05,642614.89,690714.9517
2012-10-05,446751.45,418209.4184999999
2012-10-05,1518177.71,1117022.4121
2012-10-05,1095504.26,1012011.2423999994
2012-10-05,1998321.04,1877204.1925000018
2012-10-05,277137.86,325533.33399999974
2012-10-05,458479.01,642181.8413999998
2012-10-05,1202775.24,1317231.8925
2012-10-05,573498.64,592004.4147999998
2012-10-05,2041918.74,1993014.8321
2012-10-05,1670785.97,1627611.9077000003
2012-10-05,1462941.03,1550419.7822999998
2012-10-05,733455.07,816027.7290000004
2012-10-05,1400160.95,1258597.4930000002
2012-10-05,1408016.1,1005899.2011999998
2012-10-05,952609.17,855914.8301000005
2012-10-05,337390.44,533905.8795000005
2012-10-05,265444.9,664962.1832000003
2012-10-05,976436.02,921473.0238999997
2012-10-05,979825.92,2037141.0448000005
2012-10-05,1687592.16,524082.1424
2012-10-05,1574408.67,1516047.0311000003
2012-10-05,1758971.38,1918719.532699999
2012-10-05,471281.68,549656.9804000001
2012-10-05,2209835.43,2013389.9212999996
2012-10-05,343048.29,325741.9209999999
2012-10-05,1422794.26,591878.9286000001
2012-10-05,1363365.05,1458030.9961999997
2012-10-05,520632.8,513328.76040000014
2012-10-05,968896.68,843961.4742999997
2012-10-05,1416720.54,1165108.8703
2012-10-05,1092204.79,1033909.8575000004
2012-10-05,651768.91,643898.6767999999
2012-10-05,1591816.88,1763957.286600001
2012-10-05,443557.65,352074.4411999999
2012-10-05,593162.53,745911.3272999999
2012-10-05,606755.3,588778.8595000003
2012-10-05,1009887.36,973837.8210000007
2012-10-05,546122.37,535693.5857999999
2012-10-05,866064.4,864400.5633000009
2012-10-05,699536.73,670098.8589999997
2012-10-05,2246411.89,2063582.1094
2012-10-05,1069112.0,1118844.2658000006
2012-10-05,1464616.59,1016750.7838000007
2012-10-12,437320.66,643470.3974
2012-10-12,934917.47,2055595.3092000007
2012-10-12,291781.15,667167.2471000002
2012-10-12,1074079.0,1047605.688200001
2012-10-12,325345.41,327238.51259999996
2012-10-12,1494417.07,1518024.3397000004
2012-10-12,734464.36,824678.5155
2012-10-12,919878.34,855841.1356000006
2012-10-12,1459396.84,1120941.4851
2012-10-12,300236.85,325721.24199999974
2012-10-12,982523.26,1071382.0514000007
2012-10-12,1205536.71,1582684.9254000008
2012-10-12,491817.19,554405.3906999999
2012-10-12,503463.93,894562.7284
2012-10-12,1660081.29,1767098.3618000003
2012-10-12,1004039.84,995757.330100001
2012-10-12,948613.39,839867.1617999994
2012-10-12,1409544.97,1251324.107
2012-10-12,1412925.25,1058845.260000001
2012-10-12,551799.63,616898.5255999998
2012-10-12,1311965.09,588457.9755000003
2012-10-12,558464.8,590576.0163000004
2012-10-12,513737.0,523267.4549000003
2012-10-12,653043.44,650073.969
2012-10-12,1044639.69,1014370.2747999998
2012-10-12,1573072.81,1627738.5733000007
2012-10-12,2162951.36,2123966.041499999
2012-10-12,1401113.42,1466378.2959000007
2012-10-12,1713889.11,1931894.1447999987
2012-10-12,1999079.44,2039735.1707000001
2012-10-12,1352809.5,1055561.9361000005
2012-10-12,1639585.61,530574.7631000001
2012-10-12,927511.99,925383.5357000001
2012-10-12,619369.72,687278.0548
2012-10-12,1900745.13,1914642.1907000002
2012-10-12,697317.41,692409.5758999996
2012-10-12,873643.14,870964.4962000011
2012-10-12,521810.75,533253.2593999999
2012-10-12,612379.9,750719.0611
2012-10-12,410804.39,354728.0404999999
2012-10-12,1176681.31,1308969.1936000003
2012-10-12,434593.26,423776.34120000014
2012-10-12,2133026.07,2068864.5116000008
2012-10-12,1416301.17,1182911.9196000001
2012-10-12,337796.13,533283.0967000003
2012-10-19,516909.24,525008.9831000001
2012-10-19,978027.95,994642.2187000006
2012-10-19,829284.67,876093.265800001
2012-10-19,424513.08,351494.4043
2012-10-19,1734834.82,1935014.2463999994
2012-10-19,1436883.99,1118465.2374999998
2012-10-19,287360.05,323978.9183999997
2012-10-19,541406.98,745114.1711000002
2012-10-19,1577486.33,1528598.0671
2012-10-19,1590274.72,528621.1775999999
2012-10-19,1999363.49,2082729.0285000005
2012-10-19,542009.46,589163.9792000003
2012-10-19,313358.15,326322.7192
2012-10-19,1378730.45,1461753.4211000002
2012-10-19,641368.14,662952.7314000002
2012-10-19,918170.5,1068807.7708000005
2012-10-19,685531.85,700265.4948999997
2012-10-19,1232073.18,591491.6945000001
2012-10-19,2097266.85,2023188.4661000005
2012-10-19,1255414.84,1197338.9390000002
2012-10-19,577198.97,553251.2270000001
2012-10-19,555652.77,615247.6299999998
2012-10-19,718125.53,826420.772
2012-10-19,323766.77,532126.4125000003
2012-10-19,1321102.35,1016635.9937999998
2012-10-19,516424.83,896680.8644000001
2012-10-19,957356.84,855232.7673000005
2012-10-19,1508068.77,1610177.7298000008
2012-10-19,960945.43,2041779.2280000004
2012-10-19,1199292.06,1315977.1674000002
2012-10-19,254412.34,663811.4179000002
2012-10-19,428806.46,643429.7193
2012-10-19,1143724.48,1589853.6900000004
2012-10-19,975578.02,1010396.9655999999
2012-10-19,1363155.77,1062925.2188000006
2012-10-19,1847990.41,1863750.067900001
2012-10-19,437537.29,421854.01850000024
2012-10-19,1620374.24,1765128.4396000004
2012-10-19,2018010.15,2037007.9325000006
2012-10-19,1326197.24,1257055.6466000006
2012-10-19,623919.23,690104.4966000001
2012-10-19,1048706.75,1055112.9064000007
2012-10-19,551969.1,530877.1511999997
2012-10-19,963516.28,838774.4774999996
2012-10-19,900309.75,924261.8170999998
2012-10-26,272489.41,320306.8732999998
2012-10-26,1213860.61,1603996.1942000005
2012-10-26,943465.29,863653.0890000006
2012-10-26,675202.87,668300.8534000004
2012-10-26,1219979.29,1311619.3831000004
2012-10-26,1307182.29,1213765.2294000003
2012-10-26,1834458.35,1871967.5165000013
2012-10-26,549731.49,591158.9384000002
2012-10-26,958619.8,1030116.5743999993
2012-10-26,558473.6,615507.9934999997
2012-10-26,1431426.34,1118747.3363999994
2012-10-26,2149594.46,2052344.8642
2012-10-26,475770.14,553630.0630000001
2012-10-26,1200729.45,593468.0296000001
2012-10-26,1316542.59,1254161.9089000004
2012-10-26,253731.13,663910.6034000004
2012-10-26,974697.6,2042050.1939000005
2012-10-26,439424.5,418883.2789999999
2012-10-26,1127516.25,1065806.9094000005
2012-10-26,1569502.0,1517704.2070999998
2012-10-26,1322117.96,1033972.3511000006
2012-10-26,405432.7,351750.91809999995
2012-10-26,1493659.74,1602167.4425000006
2012-10-26,587603.55,688823.8399000001
2012-10-26,1094422.69,1016434.9876000005
2012-10-26,1703047.74,1764270.0720000009
2012-10-26,956987.81,849419.0900999998
2012-10-26,417290.38,643336.0106
2012-10-26,891671.44,930185.3443999994
2012-10-26,495543.28,897984.5198
2012-10-26,1347454.59,1054663.8568000006
2012-10-26,534738.43,527884.3117999998
2012-10-26,2035189.66,2054554.9666000006
2012-10-26,514756.08,746302.1361000001
2012-10-26,1744349.05,1920820.619899999
2012-10-26,534970.68,531289.1606
2012-10-26,1340232.55,1452875.3552999995
2012-10-26,1704357.62,521383.69319999986
2012-10-26,2031650.55,2082144.8142
2012-10-26,688940.94,712157.4206999997
2012-10-26,319550.77,326890.8603999999
2012-10-26,361067.07,535951.4345000004
2012-10-26,865137.6,874726.5488000007
2012-10-26,921264.52,1071240.6577000006
2012-10-26,760281.43,825331.6512000001
